year,car_num,team,penalty,cost,presentation,design,accel,skidpad,autocross,endurance,efficiency,total,completed_endurance,ran_dynamics,scored_efficiency,total_ex_ee,ee_combined,dynamic_total,static_total,energy_used_kwh,avg_adj_laptime_s,efficiency_factor
2025,275,Oregon State Univ,0,75.2,18.9,120,84.0,75.0,120.3,248.4,48.7,790.4,True,True,True,493.29999999999995,297.1,576.4000000000001,214.1,5.421,64.396,0.584
2025,205,San Jose State University,0,86.6,63.4,115,71.5,53.9,119.9,275.0,,785.2,True,True,False,510.20000000000005,275.0,520.3,265.0,,,
2025,204,Georgia Institute of Technology,0,82.1,15.0,135,100.0,72.8,114.7,187.3,65.2,772.2,True,True,True,519.7,252.5,540.0,232.1,4.363,69.874,0.669
2025,202,Ecole Polytechnique Montreal,0,78.6,26.0,110,76.7,57.9,123.1,250.5,33.2,756.1,True,True,True,472.40000000000003,283.7,541.4,214.6,6.581,64.221,0.504
2025,208,Univ of Washington,0,76.8,59.7,105,95.6,63.6,125.0,166.7,61.2,753.5,True,True,True,525.6,227.89999999999998,512.1,241.5,4.372,71.943,0.648
2025,209,Univ of Pittsburgh - Pittsburgh,0,81.3,67.9,100,58.7,45.4,102.9,195.0,72.2,723.4,True,True,True,456.2,267.2,474.2,249.2,4.181,69.137,0.705
2025,212,National Univ of Singapore,0,73.4,64.3,125,69.8,64.3,113.1,127.4,71.3,708.6,True,True,True,509.90000000000003,198.7,445.90000000000003,262.7,3.818,76.242,0.701
2025,201,Rochester Institute of Technology,0,72.1,75.0,100,99.9,74.4,43.2,166.1,71.0,701.7,True,True,True,464.6,237.1,454.6,247.1,4.052,72.002,0.699
2025,265,Massachusetts Inst of Tech,0,72.2,58.5,110,69.5,45.3,106.5,72.1,63.6,597.6,True,True,True,461.90000000000003,135.7,357.0,240.7,3.706,83.238,0.661
2025,270,Purdue Univ - W Lafayette,0,86.4,17.3,105,24.8,54.7,108.2,140.5,56.0,593.0,True,True,True,396.5,196.5,384.2,208.7,4.385,74.754,0.622
2025,301,Univ of Connecticut,0,63.3,18.9,70,,,102.3,152.9,100.0,507.4,True,True,True,254.49999999999997,252.9,355.2,152.2,3.275,73.391,0.848
2025,222,Univ of Cincinnati,0,42.7,19.6,65,54.2,39.8,84.6,120.2,57.2,483.4,True,True,True,306.0,177.4,356.0,127.30000000000001,4.213,77.08,0.628
2025,216,Univ of Calif - Santa Cruz,-20,42.2,51.5,75,48.8,44.1,6.5,118.8,76.6,443.5,True,True,True,248.10000000000002,195.39999999999998,294.79999999999995,168.7,3.625,77.249,0.728
2025,243,Univ of Alberta,0,74.1,20.0,65,4.5,19.5,59.7,60.5,,303.4,True,True,False,242.89999999999998,60.5,144.2,159.1,,,
2024,204,Rochester Institute of Technology,0,76.7,42.9,110,65.4,55.0,100.4,274.2,36.2,760.6,True,True,True,450.20000000000005,310.4,531.2,229.6,5.265,71.951,0.464
2024,238,Ecole Polytechnique Montreal,0,71.9,29.4,140,64.5,52.3,103.8,260.5,35.5,757.8,True,True,True,461.79999999999995,296.0,516.6,241.3,5.22,73.189,0.46
2024,252,Univ of Wisconsin - Madison,0,83.2,49.4,110,34.6,51.5,117.5,256.4,51.5,754.1,True,True,True,446.20000000000005,307.9,511.5,242.6,4.302,73.574,0.556
2024,210,Georgia Institute of Technology,-50,75.1,67.0,90,100.0,75.0,125.0,234.9,34.7,751.7,True,True,True,482.1,269.6,569.6,232.1,5.102,75.641,0.456
2024,217,San Jose State University,-20,95.2,60.7,125,49.4,47.0,106.0,261.0,,724.3,True,True,False,463.29999999999995,261.0,463.4,280.9,,,
2024,292,Cornell Univ,0,76.0,69.2,95,59.1,63.9,98.8,149.9,100.0,711.9,True,True,True,462.0,249.9,471.70000000000005,240.2,2.449,85.093,0.845
2024,223,Univ of Illinois - Urbana Champaign,0,74.4,69.2,135,9.4,40.7,116.4,209.0,45.9,700.0,True,True,True,445.1,254.9,421.4,278.6,4.3,78.291,0.523
2024,203,Univ of Washington,0,65.4,72.4,80,4.5,63.6,97.2,275.0,29.4,687.6,True,True,True,383.20000000000005,304.4,469.7,217.8,5.767,71.875,0.424
2024,231,Univ of Pittsburgh - Pittsburgh,0,75.8,45.6,125,62.5,22.4,79.8,231.6,40.1,682.7,True,True,True,411.00000000000006,271.7,436.4,246.4,4.748,75.969,0.488
2024,205,Univ of Toronto,0,67.3,49.4,130,53.0,40.6,86.8,203.8,51.8,682.7,True,True,True,427.1,255.60000000000002,436.0,246.7,4.0,78.84,0.558
2024,225,National Univ of Singapore,0,61.4,46.9,100,51.5,49.7,101.8,211.2,59.4,681.9,True,True,True,411.3,270.59999999999997,473.59999999999997,208.3,3.741,78.062,0.603
2024,257,California Polytechnic State Univ-SLO,0,77.2,47.4,135,29.6,56.7,103.6,124.7,73.3,647.5,True,True,True,449.5,198.0,387.90000000000003,259.6,2.906,88.362,0.685
2024,208,Virginia Tech,0,56.4,40.4,85,51.2,40.1,74.6,235.8,44.3,627.9,True,True,True,347.79999999999995,280.1,446.00000000000006,181.8,4.542,75.55,0.513
2024,202,Carnegie Mellon Univ,0,51.0,61.8,75,51.6,50.5,79.2,186.5,34.3,589.9,True,True,True,369.09999999999997,220.8,402.1,187.8,4.807,80.752,0.453
2024,206,Kennesaw State University,0,96.9,75.0,85,26.7,34.3,102.6,92.1,56.3,568.7,True,True,True,420.30000000000007,148.39999999999998,312.0,256.9,3.239,92.995,0.584
2024,201,Ecole De Technologie Superieure,0,90.1,57.6,110,,,16.4,250.5,,524.6,True,True,False,274.1,250.5,266.9,257.7,,,
2024,288,Univ of Akron,0,48.7,20.0,60,32.1,39.8,71.9,164.5,87.1,524.1,True,True,True,272.5,251.6,395.4,128.7,2.752,83.299,0.768
2024,250,Univ of Michigan - Ann Arbor,0,74.0,58.8,137,46.2,,,153.2,51.6,520.7,True,True,True,315.9000000000001,204.79999999999998,250.99999999999997,269.8,3.906,84.682,0.556
2024,228,Concordia University,0,84.2,64.4,80,9.0,28.9,,176.4,53.7,496.6,True,True,True,266.5,230.10000000000002,268.0,228.60000000000002,3.776,81.901,0.569
2024,283,Western University,0,37.4,29.7,60,4.5,36.5,63.0,164.3,75.1,470.6,True,True,True,231.20000000000002,239.4,343.4,127.1,3.17,83.328,0.696
2024,285,Penn State Univ - University Park,0,30.2,43.6,75,47.1,30.8,61.5,46.0,28.7,363.4,True,True,True,288.7,74.7,214.1,148.8,4.365,100.353,0.42
2024,263,Columbia Univ,0,74.4,36.1,85,26.1,21.8,43.6,35.0,33.0,355.1,True,True,True,287.1,68.0,159.5,195.5,3.859,102.347,0.445
